id,vendor_id,pickup_datetime,dropoff_datetime,passenger_count,pickup_longitude,pickup_latitude,dropoff_longitude,dropoff_latitude,store_and_fwd_flag,trip_duration
id2875421,2,2016-03-14 17:24:55,2016-03-14 17:32:30,1,-73.982154846191406,40.767936706542969,-73.964630126953125,40.765602111816406,N,455
id2377394,1,2016-06-12 00:43:35,2016-06-12 00:54:38,1,-73.980415344238281,40.738563537597656,-73.999481201171875,40.731151580810547,N,663
id3858529,2,2016-01-19 11:35:24,2016-01-19 12:10:48,1,-73.979026794433594,40.763938903808594,-74.005332946777344,40.710086822509766,N,2124
id3504673,2,2016-04-06 19:32:31,2016-04-06 19:39:40,1,-74.010040283203125,40.719970703125,-74.01226806640625,40.706718444824219,N,429
id2181028,2,2016-03-26 13:30:55,2016-03-26 13:38:10,1,-73.973052978515625,40.793209075927734,-73.972923278808594,40.782520294189453,N,435
id0801584,2,2016-01-30 22:01:40,2016-01-30 22:09:03,6,-73.982856750488281,40.742195129394531,-73.992080688476562,40.749183654785156,N,443
id1813257,1,2016-06-17 22:34:59,2016-06-17 22:40:40,4,-73.969017028808594,40.757839202880859,-73.957405090332031,40.765895843505859,N,341
id1324603,2,2016-05-21 07:54:58,2016-05-21 08:20:49,1,-73.969276428222656,40.797779083251953,-73.922470092773438,40.76055908203125,N,1551
id1301050,1,2016-05-27 23:12:23,2016-05-27 23:16:38,1,-73.999481201171875,40.738399505615234,-73.985786437988281,40.732814788818359,N,255
id0012891,2,2016-03-10 21:45:01,2016-03-10 22:05:26,1,-73.981048583984375,40.744338989257813,-73.972999572753906,40.789989471435547,N,1225
id1436371,2,2016-05-10 22:08:41,2016-05-10 22:29:55,1,-73.982650756835938,40.763839721679688,-74.002227783203125,40.732990264892578,N,1274
id1299289,2,2016-05-15 11:16:11,2016-05-15 11:34:59,4,-73.991531372070313,40.749439239501953,-73.95654296875,40.7706298828125,N,1128
id1187965,2,2016-02-19 09:52:46,2016-02-19 10:11:20,2,-73.962982177734375,40.756679534912109,-73.984405517578125,40.760719299316406,N,1114
id0799785,2,2016-06-01 20:58:29,2016-06-01 21:02:49,1,-73.956306457519531,40.767940521240234,-73.966110229492188,40.76300048828125,N,260
id2900608,2,2016-05-27 00:43:36,2016-05-27 01:07:10,1,-73.992195129394531,40.727226257324219,-73.974655151367188,40.783069610595703,N,1414
id3319787,1,2016-05-16 15:29:02,2016-05-16 15:32:33,1,-73.955513000488281,40.768592834472656,-73.948760986328125,40.77154541015625,N,211
id3379579,2,2016-04-11 17:29:50,2016-04-11 18:08:26,1,-73.991165161132813,40.755561828613281,-73.999290466308594,40.725353240966797,N,2316
id1154431,1,2016-04-14 08:48:26,2016-04-14 09:00:37,1,-73.994255065917969,40.745803833007813,-73.999656677246094,40.723342895507813,N,731
id3552682,1,2016-06-27 09:55:13,2016-06-27 10:17:10,1,-74.003982543945313,40.7130126953125,-73.979194641113281,40.749923706054688,N,1317
id3390316,2,2016-06-05 13:47:23,2016-06-05 13:51:34,1,-73.98388671875,40.738197326660156,-73.991203308105469,40.727870941162109,N,251
id2070428,1,2016-02-28 02:23:02,2016-02-28 02:31:08,1,-73.980369567871094,40.742420196533203,-73.962852478027344,40.760635375976563,N,486
id0809232,2,2016-04-01 12:12:25,2016-04-01 12:23:17,1,-73.979537963867188,40.753360748291016,-73.963996887207031,40.763458251953125,N,652
id2352683,1,2016-04-09 03:34:27,2016-04-09 03:41:30,1,-73.995864868164063,40.758811950683594,-73.993324279785156,40.740322113037109,N,423
id1603037,1,2016-06-25 10:36:26,2016-06-25 10:55:49,1,-73.993553161621094,40.747173309326172,-74.006141662597656,40.704383850097656,N,1163
id3321406,2,2016-06-03 08:15:05,2016-06-03 08:56:30,1,-73.955230712890625,40.777133941650391,-73.788749694824219,40.641471862792969,N,2485
id0129640,2,2016-02-14 13:27:56,2016-02-14 13:49:19,1,-73.956581115722656,40.771358489990234,-73.974967956542969,40.732791900634766,N,1283
id3587298,1,2016-02-27 21:56:01,2016-02-27 22:14:51,1,-73.9837646484375,40.749874114990234,-73.958831787109375,40.800960540771484,N,1130
id2104175,1,2016-06-20 23:07:16,2016-06-20 23:18:50,1,-73.95843505859375,40.713191986083984,-73.949539184570312,40.680252075195313,N,694
id3973319,2,2016-06-13 21:57:27,2016-06-13 22:12:19,1,-73.994216918945313,40.713306427001953,-73.98284912109375,40.692298889160156,N,892
id1410897,1,2016-03-23 14:10:39,2016-03-23 14:49:30,1,-73.98211669921875,40.756351470947266,-73.865692138671875,40.770988464355469,N,2331
id0266980,1,2016-05-17 10:47:51,2016-05-17 11:12:30,1,-73.970939636230469,40.761669158935547,-73.996238708496094,40.725368499755859,N,1479
id2822549,2,2016-05-21 13:03:24,2016-05-21 13:20:52,1,-73.998268127441406,40.720039367675781,-74.010360717773438,40.672138214111328,N,1048
id3075902,2,2016-05-10 19:27:38,2016-05-10 19:44:40,2,-74.005500793457031,40.706588745117187,-73.985816955566406,40.74420166015625,N,1022
id0023813,1,2016-04-17 14:38:30,2016-04-17 15:16:19,1,-73.990310668945313,40.756580352783203,-73.870918273925781,40.773929595947266,N,2269
id3970352,1,2016-01-09 12:55:35,2016-01-09 13:07:22,1,-74.008995056152344,40.712589263916016,-73.998634338378906,40.722808837890625,N,707
id3361153,1,2016-03-11 07:11:23,2016-03-11 07:20:09,1,-73.994560241699219,40.750526428222656,-73.978500366210938,40.756191253662109,N,526
id1870624,1,2016-01-05 15:29:54,2016-01-05 15:39:07,3,-73.951515197753906,40.770248413085937,-73.958526611328125,40.761516571044922,N,553
id2403238,1,2016-06-23 23:00:09,2016-06-23 23:04:46,1,-73.988067626953125,40.728080749511719,-73.980751037597656,40.721469879150391,N,277
id3323083,1,2016-05-27 14:26:12,2016-05-27 14:46:01,2,-73.978126525878906,40.758342742919922,-73.99224853515625,40.730541229248047,N,1189
id3720663,1,2016-05-10 16:14:56,2016-05-10 16:40:19,1,-73.977767944335937,40.774078369140625,-73.9471435546875,40.775993347167969,N,1523
id0578558,1,2016-04-21 21:28:27,2016-04-21 21:52:37,2,-73.988548278808594,40.745979309082031,-73.97088623046875,40.793384552001953,N,1450
id2573056,2,2016-04-14 13:27:52,2016-04-14 13:46:14,2,-73.974723815917969,40.751136779785156,-73.954444885253906,40.764118194580078,N,1102
id2129090,1,2016-03-14 14:05:39,2016-03-14 14:28:05,1,-73.975090026855469,40.758766174316406,-73.953201293945313,40.765068054199219,N,1346
id3961107,1,2016-03-19 01:12:46,2016-03-19 01:18:49,1,-73.976470947265625,40.739780426025391,-73.980667114257813,40.729965209960938,N,363
id3326491,2,2016-02-12 07:41:56,2016-02-12 07:51:15,1,-73.979644775390625,40.739631652832031,-73.994728088378906,40.723495483398438,N,559
id0718344,2,2016-06-13 15:52:20,2016-06-13 16:16:58,1,-74.016326904296875,40.704990386962891,-73.982109069824219,40.773750305175781,N,1478
id3188770,1,2016-01-03 16:59:02,2016-01-03 17:04:50,1,-73.985137939453125,40.732192993164063,-73.989639282226563,40.720874786376953,N,348
id1956279,2,2016-02-26 08:37:00,2016-02-26 08:43:15,1,-73.981658935546875,40.778972625732422,-73.969810485839844,40.792129516601563,N,375
id2391523,1,2016-05-18 21:50:24,2016-05-18 22:10:41,3,-73.966163635253906,40.766914367675781,-73.992179870605469,40.725818634033203,N,1217
id2662609,1,2016-04-10 19:11:03,2016-04-10 19:25:39,1,-73.965469360351562,40.765846252441406,-73.960952758789063,40.796928405761719,N,876
id2067879,2,2016-01-19 23:19:01,2016-01-19 23:44:58,1,-73.996818542480469,40.752861022949219,-73.809005737304688,40.816875457763672,N,1557
id1939961,1,2016-05-07 13:18:52,2016-05-07 13:46:19,1,-73.977256774902344,40.774246215820313,-73.990013122558594,40.732654571533203,N,1647
id0675800,2,2016-02-15 09:25:15,2016-02-15 09:35:49,6,-73.977752685546875,40.754631042480469,-74.001678466796875,40.756420135498047,N,634
id2569332,1,2016-04-13 14:24:47,2016-04-13 14:30:52,1,-73.968727111816406,40.78643798828125,-73.960494995117188,40.778152465820313,N,365
id0526266,2,2016-05-15 09:42:58,2016-05-15 09:56:37,1,-73.934883117675781,40.801010131835938,-73.983001708984375,40.722568511962891,N,819
id3827863,2,2016-04-19 11:29:08,2016-04-19 12:27:56,3,-73.792892456054688,40.657878875732422,-73.809188842773438,40.690181732177734,N,3528
id1388344,2,2016-01-02 15:41:11,2016-01-02 16:01:39,2,-73.982337951660156,40.762809753417969,-73.982856750488281,40.748779296875,N,1228
id1079955,1,2016-04-22 11:28:00,2016-04-22 12:11:27,1,-73.994850158691406,40.718780517578125,-73.983413696289062,40.75885009765625,N,2607
id0256505,1,2016-03-14 15:04:38,2016-03-14 15:16:13,1,-73.994483947753906,40.745086669921875,-73.998992919921875,40.722709655761719,N,695
id1530524,1,2016-03-19 17:41:05,2016-03-19 17:48:57,1,-73.953422546386719,40.767658233642578,-73.980316162109375,40.737781524658203,N,472
id1674872,1,2016-02-29 02:46:24,2016-02-29 02:55:10,1,-73.951850891113281,40.714069366455078,-73.967971801757813,40.688720703125,N,526
id1040444,2,2016-01-07 17:01:32,2016-01-07 17:13:33,4,-73.976951599121094,40.752021789550781,-74.001213073730469,40.751613616943359,N,721
id1674996,1,2016-05-13 12:32:12,2016-05-13 12:40:44,1,-74.001800537109375,40.72613525390625,-74.007156372070312,40.740806579589844,N,512
id1965939,1,2016-05-24 12:16:33,2016-05-24 12:28:33,1,-73.994094848632812,40.761550903320313,-73.980636596679688,40.789638519287109,N,720
id0442192,1,2016-04-10 16:07:46,2016-04-10 16:10:40,1,-74.006324768066406,40.733390808105469,-74.000007629394531,40.743255615234375,N,174
id0515898,2,2016-05-21 17:38:55,2016-05-21 17:46:53,1,-74.002571105957031,40.739311218261719,-73.99188232421875,40.744998931884766,N,478
id1182327,2,2016-02-29 11:22:35,2016-02-29 11:35:43,1,-73.94830322265625,40.774436950683594,-73.963706970214844,40.755485534667969,N,788
id3913101,1,2016-06-25 22:05:46,2016-06-25 22:22:29,2,-74.001411437988281,40.761432647705078,-73.924629211425781,40.864028930664063,N,1003
id1680350,1,2016-03-18 20:56:16,2016-03-18 20:59:51,1,-74.002983093261719,40.723312377929688,-74.001556396484375,40.728824615478516,N,215
id0913838,2,2016-02-03 16:22:50,2016-02-03 16:37:20,5,-73.97833251953125,40.754070281982422,-73.959732055664063,40.772758483886719,N,870
id3896508,2,2016-06-07 22:32:32,2016-06-07 22:46:06,1,-73.863380432128906,40.769889831542969,-73.837127685546875,40.721359252929688,N,814
id2846400,2,2016-03-16 20:13:12,2016-03-16 20:23:49,1,-73.99725341796875,40.717960357666016,-73.999252319335938,40.730018615722656,N,637
id1510700,2,2016-02-20 21:58:13,2016-02-20 21:59:10,1,-73.958396911621094,40.772628784179688,-73.955131530761719,40.774242401123047,N,57
id0813128,2,2016-02-20 18:57:43,2016-02-20 19:07:32,2,-73.991203308105469,40.749553680419922,-73.979194641113281,40.746307373046875,N,589
id1158195,1,2016-03-24 17:58:51,2016-03-24 18:36:46,1,-73.992324829101563,40.730720520019531,-73.872505187988281,40.774497985839844,N,2275
id0959273,1,2016-03-20 23:16:39,2016-03-20 23:27:26,1,-73.988838195800781,40.768901824951172,-73.955535888671875,40.771743774414063,N,647
id0739660,1,2016-05-16 13:07:10,2016-05-16 13:34:18,3,-73.9647216796875,40.806606292724609,-73.984573364257813,40.760677337646484,N,1628
id3769871,1,2016-06-17 17:32:59,2016-06-17 18:11:56,1,-73.943145751953125,40.789630889892578,-73.989479064941406,40.762763977050781,N,2337
id1818021,1,2016-03-23 00:34:10,2016-03-23 00:45:24,1,-74.01116943359375,40.703605651855469,-74.005691528320313,40.741359710693359,N,674
id0982165,2,2016-04-12 21:29:16,2016-04-12 21:49:06,1,-73.980316162109375,40.75885009765625,-74.010139465332031,40.705081939697266,N,1190
id1519515,2,2016-06-11 12:52:19,2016-06-11 13:12:10,1,-73.950492858886719,40.771266937255859,-74.001243591308594,40.746490478515625,N,1191
id1082443,2,2016-02-25 14:56:26,2016-02-25 15:09:31,1,-73.98712158203125,40.768474578857422,-73.975822448730469,40.759712219238281,N,785
id2934884,2,2016-01-07 19:32:15,2016-01-07 19:40:55,1,-73.98638916015625,40.756614685058594,-73.999794006347656,40.761631011962891,N,520
id1205949,1,2016-06-05 18:43:14,2016-06-05 18:46:52,1,-73.962608337402344,40.758827209472656,-73.954193115234375,40.764053344726562,N,218
id2592310,2,2016-06-13 07:20:46,2016-06-13 07:24:28,1,-73.99041748046875,40.756881713867188,-73.981979370117187,40.759990692138672,N,222
id0883711,1,2016-01-16 21:22:41,2016-01-16 21:42:45,1,-73.993637084960938,40.734218597412109,-73.961463928222656,40.769298553466797,N,1204
id0283075,1,2016-04-06 23:42:26,2016-04-07 00:12:08,1,-73.782478332519531,40.644645690917969,-73.981124877929688,40.72088623046875,N,1782
id2107497,1,2016-05-13 20:46:55,2016-05-13 21:06:29,2,-74.013954162597656,40.712833404541016,-73.997550964355469,40.718074798583984,N,1174
id2090852,2,2016-01-28 11:25:20,2016-01-28 11:30:56,1,-73.968826293945313,40.754196166992188,-73.972755432128906,40.746612548828125,N,336
id1297351,2,2016-06-24 14:24:31,2016-06-24 14:32:21,1,-74.003288269042969,40.726970672607422,-73.993301391601563,40.739120483398437,N,470
id0667605,2,2016-05-27 16:17:36,2016-05-27 16:23:22,1,-73.991058349609375,40.739570617675781,-74.006103515625,40.734550476074219,N,346
id1476107,1,2016-05-22 15:41:29,2016-05-22 15:48:28,1,-73.966880798339844,40.788681030273438,-73.962821960449219,40.775726318359375,N,419
id0673727,2,2016-05-18 19:15:27,2016-05-18 19:44:49,1,-73.961677551269531,40.775966644287109,-73.857391357421875,40.733283996582031,N,1762
id2030290,1,2016-03-31 11:33:30,2016-03-31 12:12:31,3,-73.86431884765625,40.769828796386719,-73.985862731933594,40.760951995849609,N,2341
id3770790,1,2016-02-13 13:12:49,2016-02-13 13:19:35,1,-73.992233276367188,40.744281768798828,-74.008232116699219,40.748825073242188,N,406
id3025098,2,2016-01-20 19:21:31,2016-01-20 19:31:27,1,-73.976982116699219,40.750301361083984,-73.999122619628906,40.739509582519531,N,596
id3333094,2,2016-06-02 23:34:00,2016-06-02 23:41:15,1,-73.973464965820313,40.755229949951172,-73.977363586425781,40.742820739746094,N,435
id2228940,1,2016-02-04 13:22:02,2016-02-04 13:40:30,1,-73.981864929199219,40.758773803710937,-73.970222473144531,40.784141540527344,N,1108
id2102594,1,2016-03-30 16:14:29,2016-03-30 17:01:33,1,-73.789840698242188,40.643558502197266,-73.970664978027344,40.687278747558594,N,2824
id0010677,1,2016-04-29 10:40:34,2016-04-29 10:53:23,2,-73.991973876953125,40.749996185302734,-73.977882385253906,40.754894256591797,N,769
id3194108,1,2016-06-01 11:48:41,2016-06-01 12:19:07,1,-74.005027770996094,40.746452331542969,-73.972007751464844,40.745780944824219,N,1826
id2063827,1,2016-05-18 21:09:02,2016-05-18 21:18:55,1,-73.981414794921875,40.756732940673828,-73.970565795898438,40.755695343017578,N,593
id0105610,1,2016-02-19 20:01:24,2016-02-19 20:35:49,3,-73.789718627929688,40.643707275390625,-73.97869873046875,40.750343322753906,N,2065
id3502065,1,2016-03-15 21:03:44,2016-03-15 21:14:37,1,-73.974014282226563,40.757152557373047,-73.949737548828125,40.777091979980469,N,653
id3508035,2,2016-06-06 20:13:56,2016-06-06 20:45:20,6,-73.788131713867188,40.641460418701172,-73.971771240234375,40.749408721923828,N,1884
id3236276,2,2016-01-27 08:07:32,2016-01-27 08:24:01,1,-73.956039428710937,40.767608642578125,-73.96820068359375,40.786689758300781,N,989
id3277902,1,2016-04-09 15:04:31,2016-04-09 15:11:30,1,-73.973167419433594,40.755699157714844,-73.988655090332031,40.736995697021484,N,419
id2335059,1,2016-05-27 11:10:32,2016-05-27 11:26:34,4,-73.975807189941406,40.760627746582031,-73.987785339355469,40.754920959472656,N,962
id2300865,1,2016-05-10 10:31:22,2016-05-10 10:35:25,1,-73.96588134765625,40.762840270996094,-73.960990905761719,40.7708740234375,N,243
id3962434,2,2016-01-10 08:45:31,2016-01-10 08:51:44,2,-73.989273071289063,40.756488800048828,-74.002799987792969,40.760501861572266,N,373
id2677672,1,2016-02-18 17:47:39,2016-02-18 17:54:03,2,-73.945755004882813,40.773681640625,-73.95343017578125,40.781078338623047,N,384
id0589360,1,2016-05-22 17:34:08,2016-05-22 18:20:01,1,-73.863677978515625,40.769771575927734,-74.007217407226563,40.70489501953125,N,2753
id0970832,1,2016-03-12 20:39:39,2016-03-12 21:05:40,1,-74.008247375488281,40.747352600097656,-73.979446411132813,40.71875,N,1561
id0694434,1,2016-01-26 23:40:14,2016-01-26 23:48:39,1,-74.006797790527344,40.706073760986328,-73.974021911621094,40.744075775146484,N,505
id3729136,2,2016-01-30 15:15:47,2016-01-30 15:30:47,2,-73.977272033691406,40.757350921630859,-74.002433776855469,40.734401702880859,N,900
id2358953,2,2016-06-27 00:31:28,2016-06-27 01:06:44,1,-73.870819091796875,40.773738861083984,-73.857498168945313,41.017810821533203,N,2116
id0935429,1,2016-05-02 06:58:06,2016-05-02 07:08:17,1,-73.999092102050781,40.745491027832031,-73.978561401367188,40.762325286865234,N,611
id3056417,2,2016-04-11 14:18:21,2016-04-11 14:34:33,1,-73.984359741210937,40.742710113525391,-73.987747192382813,40.751888275146484,N,972
id1152886,2,2016-01-21 14:34:06,2016-01-21 14:44:10,1,-73.961677551269531,40.77117919921875,-73.952110290527344,40.784358978271484,N,604
id1796723,1,2016-02-09 15:54:53,2016-02-09 16:04:47,1,-73.993858337402344,40.735797882080078,-73.994621276855469,40.750461578369141,N,594
id0045014,1,2016-04-20 20:29:42,2016-04-20 20:39:16,1,-73.950126647949219,40.780086517333984,-73.96282958984375,40.762683868408203,N,574
id2648478,1,2016-01-18 11:13:59,2016-01-18 11:18:56,1,-73.951576232910156,40.766468048095703,-73.960212707519531,40.760540008544922,N,297
id0702030,1,2016-01-07 23:24:44,2016-01-07 23:26:25,1,-73.999298095703125,40.749534606933594,-74.005363464355469,40.743518829345703,N,101
id3024438,2,2016-06-10 22:24:37,2016-06-10 22:41:58,1,-73.953720092773438,40.775295257568359,-73.991195678710938,40.726318359375,N,1041
id2146569,2,2016-06-23 22:17:35,2016-06-23 22:21:07,1,-73.976799011230469,40.749950408935547,-73.9815673828125,40.745769500732422,N,212
id2307151,1,2016-02-07 18:08:06,2016-02-07 18:15:08,1,-73.961952209472656,40.800445556640625,-73.978416442871094,40.782791137695312,N,422
id2049424,2,2016-03-02 20:15:07,2016-03-02 20:37:43,1,-73.963890075683594,40.773651123046875,-74.005111694335938,40.751491546630859,N,1356
id2209089,1,2016-02-24 22:56:43,2016-02-24 23:03:39,1,-74.006912231445313,40.730361938476563,-74.005943298339844,40.727069854736328,N,416
id0391524,1,2016-04-06 12:14:40,2016-04-06 12:33:18,1,-73.978645324707031,40.748035430908203,-73.970130920410156,40.762737274169922,N,1118
id2681033,1,2016-06-17 10:01:39,2016-06-17 10:16:13,1,-73.976829528808594,40.788211822509766,-73.983749389648438,40.762531280517578,N,874
id2040275,1,2016-06-16 20:31:09,2016-06-16 20:36:30,1,-73.936943054199219,40.798233032226563,-73.946380615234375,40.7808837890625,N,321
id0073842,2,2016-03-30 23:49:41,2016-03-30 23:56:21,1,-73.99005126953125,40.738010406494141,-73.990936279296875,40.725215911865234,N,400
id3942339,1,2016-01-05 17:58:04,2016-01-05 18:13:38,1,-73.978828430175781,40.752803802490234,-73.991035461425781,40.750419616699219,N,934
id2991616,2,2016-03-19 19:51:34,2016-03-19 20:04:27,3,-73.983566284179688,40.755561828613281,-73.982368469238281,40.766960144042969,N,773
id1047459,2,2016-01-22 17:31:53,2016-01-22 17:37:30,3,-73.988410949707031,40.758960723876953,-73.991897583007812,40.77069091796875,N,337
id1737558,1,2016-05-18 19:08:31,2016-05-18 19:12:25,1,-73.960235595703125,40.762229919433594,-73.950592041015625,40.775314331054687,N,234
id2135557,2,2016-05-25 13:19:56,2016-05-25 13:27:50,5,-73.970283508300781,40.76483154296875,-73.957572937011719,40.782478332519531,N,474
id0659170,2,2016-03-26 13:07:08,2016-03-26 13:29:02,1,-73.968658447265625,40.764507293701172,-73.872833251953125,40.771453857421875,N,1314
id1125774,1,2016-01-19 22:20:43,2016-01-19 22:28:45,2,-73.994537353515625,40.740234375,-73.976188659667969,40.762592315673828,N,482
id1886740,1,2016-05-29 00:15:12,2016-05-29 00:24:38,1,-73.985115051269531,40.768726348876953,-73.951667785644531,40.774433135986328,N,566
id1982306,2,2016-02-10 21:06:14,2016-02-10 21:09:23,2,-73.984939575195313,40.751857757568359,-73.983543395996094,40.744335174560547,N,189
id2684106,2,2016-02-26 20:59:13,2016-02-26 21:14:26,2,-74.001007080078125,40.731781005859375,-73.987152099609375,40.771003723144531,N,913
id0038484,2,2016-03-09 13:41:11,2016-03-09 13:53:27,2,-73.972854614257813,40.764400482177734,-73.971809387207031,40.757888793945313,N,736
id1734208,2,2016-04-11 10:44:32,2016-04-11 10:56:26,6,-73.997077941894531,40.720638275146484,-73.9996337890625,40.745838165283203,N,714
id0561467,1,2016-02-09 06:58:53,2016-02-09 07:12:28,1,-73.972549438476562,40.794017791748047,-73.954055786132813,40.766300201416016,N,815
id3092788,2,2016-03-03 22:01:32,2016-03-03 22:17:44,2,-73.984771728515625,40.7105712890625,-73.989410400390625,40.730148315429687,N,972
id1741519,2,2016-03-26 14:47:44,2016-03-26 14:53:02,1,-73.984786987304688,40.743015289306641,-73.993606567382812,40.735286712646484,N,318
id1330402,2,2016-05-22 18:06:05,2016-05-22 18:16:30,1,-73.9918212890625,40.750076293945312,-73.971054077148438,40.756698608398438,N,625
id2505596,2,2016-05-28 22:53:12,2016-05-28 23:07:31,1,-73.9849853515625,40.748580932617188,-73.981277465820313,40.769115447998047,N,859
id1630509,2,2016-03-16 05:42:49,2016-03-16 05:45:10,2,-73.993667602539063,40.741878509521484,-73.984588623046875,40.754299163818359,N,141
id0512853,1,2016-05-28 17:40:21,2016-05-28 17:56:44,1,-73.969566345214844,40.7691650390625,-73.986526489257813,40.730335235595703,N,983
id3089912,2,2016-06-13 13:22:04,2016-06-13 13:31:29,2,-73.989959716796875,40.741081237792969,-73.976966857910156,40.747451782226563,N,565
id1137965,1,2016-05-16 15:02:10,2016-05-16 15:08:01,1,-73.9891357421875,40.775020599365234,-73.981819152832031,40.766059875488281,N,351
id3677225,2,2016-01-09 15:07:03,2016-01-09 15:12:45,1,-73.967880249023438,40.759811401367188,-73.953826904296875,40.778881072998047,N,342
id0401226,1,2016-05-26 06:37:10,2016-05-26 06:52:19,4,-74.006706237792969,40.705554962158203,-73.991691589355469,40.749721527099609,N,909
id2452605,2,2016-05-22 22:42:31,2016-05-22 22:46:18,1,-73.996269226074219,40.749851226806641,-73.994766235351563,40.736480712890625,N,227
id3618302,2,2016-04-19 09:27:04,2016-04-19 09:45:02,6,-73.987319946289062,40.750640869140625,-73.989288330078125,40.769405364990234,N,1078
id1552358,2,2016-04-01 07:55:30,2016-04-01 08:10:30,1,-73.975433349609375,40.752132415771484,-73.99078369140625,40.750942230224609,N,900
id1168234,1,2016-02-01 18:02:59,2016-02-01 18:13:30,1,-74.000205993652344,40.737846374511719,-74.000312805175781,40.722866058349609,N,631
id2910320,2,2016-04-20 07:33:12,2016-04-20 07:56:17,1,-73.955459594726563,40.767307281494141,-73.988998413085938,40.693168640136719,N,1385
id3331830,1,2016-04-12 09:21:27,2016-04-12 09:35:56,1,-73.964866638183594,40.755790710449219,-73.975807189941406,40.757354736328125,N,869
id0195963,2,2016-06-19 18:39:05,2016-06-19 18:48:39,1,-73.999160766601563,40.744369506835938,-73.98870849609375,40.758701324462891,N,574
id0762989,2,2016-03-17 08:24:27,2016-03-17 08:26:11,1,-73.977615356445313,40.763572692871094,-73.972572326660156,40.765956878662109,N,104
id2671060,2,2016-04-07 08:44:32,2016-04-07 08:51:30,1,-73.953117370605469,40.771800994873047,-73.947921752929687,40.783149719238281,N,418
id3620795,1,2016-01-01 10:45:24,2016-01-01 10:51:47,1,-74.001609802246094,40.740810394287109,-73.996223449707031,40.725902557373047,N,383
id2282206,1,2016-01-04 16:32:42,2016-01-04 16:51:19,2,-73.962181091308594,40.810726165771484,-73.994834899902344,40.752811431884766,N,1117
id0591292,1,2016-06-09 18:43:04,2016-06-09 19:07:11,1,-73.986968994140625,40.742851257324219,-73.994285583496094,40.761356353759766,N,1447
id0906779,1,2016-04-19 08:31:48,2016-04-19 09:14:11,2,-73.9715576171875,40.750629425048828,-73.952629089355469,40.631595611572266,N,2543
id2326430,2,2016-06-10 22:06:53,2016-06-10 22:23:14,1,-73.956878662109375,40.774871826171875,-73.936508178710938,40.857185363769531,N,981
id3863815,2,2016-03-14 04:24:36,2016-03-14 04:37:11,3,-73.944358825683594,40.714488983154297,-73.910530090332031,40.709491729736328,N,755
id3048297,2,2016-04-06 08:53:11,2016-04-06 09:14:08,1,-73.972793579101563,40.755596160888672,-73.873123168945313,40.774456024169922,N,1257
id3649509,1,2016-04-02 14:46:23,2016-04-02 15:06:44,2,-74.005546569824219,40.709262847900391,-73.970146179199219,40.762741088867188,N,1221
id1783063,2,2016-04-06 12:24:22,2016-04-06 12:40:02,2,-73.984649658203125,40.745979309082031,-73.977378845214844,40.759651184082031,N,940
id3363012,2,2016-04-12 20:22:49,2016-04-12 20:24:55,1,-73.961967468261719,40.77008056640625,-73.960777282714844,40.775051116943359,N,126
id0514638,1,2016-02-10 08:36:33,2016-02-10 08:42:23,1,-73.96942138671875,40.800033569335938,-73.968177795410156,40.791702270507813,N,350
id0627115,2,2016-02-26 16:10:47,2016-02-26 16:23:04,1,-73.982627868652344,40.762111663818359,-73.993370056152344,40.747489929199219,N,737
id3141299,2,2016-01-14 12:25:54,2016-01-14 12:37:24,3,-73.995773315429688,40.742568969726563,-74.008094787597656,40.722770690917969,N,690
id2003497,1,2016-04-15 11:58:45,2016-04-15 12:09:56,2,-74.000076293945312,40.748298645019531,-73.989883422851562,40.737964630126953,N,671
id3748197,1,2016-02-07 23:17:58,2016-02-07 23:25:41,1,-73.999168395996094,40.734233856201172,-73.982093811035156,40.740276336669922,N,463
id2983261,1,2016-04-15 14:41:14,2016-04-15 14:47:21,1,-74.014251708984375,40.713912963867188,-74.004623413085938,40.70538330078125,N,367
id0485870,2,2016-06-19 20:23:09,2016-06-19 20:29:18,1,-73.990898132324219,40.750663757324219,-73.993217468261719,40.734199523925781,N,369
id0835694,1,2016-01-15 19:25:12,2016-01-15 19:31:54,1,-73.975105285644531,40.755691528320313,-73.985595703125,40.747474670410156,N,402
id3426410,2,2016-02-18 09:27:07,2016-02-18 09:45:20,5,-73.967437744140625,40.759349822998047,-74.012687683105469,40.701610565185547,N,1093
id3673678,2,2016-01-31 13:52:55,2016-01-31 14:03:52,1,-73.975997924804688,40.751136779785156,-74.001853942871094,40.7352294921875,N,657
id2460349,1,2016-01-07 15:40:34,2016-01-07 15:49:24,2,-73.978950500488281,40.750930786132813,-73.964393615722656,40.754962921142578,N,530
id3198639,1,2016-06-05 03:02:46,2016-06-05 03:14:59,1,-73.979789733886719,40.781265258789063,-73.940879821777344,40.823223114013672,N,733
id1872601,2,2016-05-31 19:16:05,2016-05-31 19:27:44,2,-73.986862182617188,40.750961303710938,-74.005378723144531,40.740028381347656,N,699
id0125957,1,2016-06-14 21:16:43,2016-06-14 21:21:37,2,-73.967018127441406,40.753005981445313,-73.951629638671875,40.769359588623047,N,294
id3526986,2,2016-02-23 13:28:59,2016-02-23 13:40:00,1,-73.970382690429688,40.764991760253906,-73.949668884277344,40.768459320068359,N,661
id3170873,1,2016-06-30 21:35:27,2016-06-30 21:46:19,1,-74.002433776855469,40.717166900634766,-73.985969543457031,40.726749420166016,N,652
id1674373,2,2016-02-15 17:52:27,2016-02-15 18:02:13,5,-74.007499694824219,40.740951538085938,-74.016647338867188,40.704910278320313,N,586
id2973697,2,2016-04-07 22:52:23,2016-04-07 23:10:00,2,-73.995384216308594,40.749298095703125,-73.989326477050781,40.718147277832031,N,1057
id1592044,1,2016-01-29 11:23:23,2016-01-29 11:33:03,1,-73.986679077148438,40.725849151611328,-73.997467041015625,40.735153198242187,N,580
id3899813,2,2016-06-01 20:15:24,2016-06-01 20:34:35,5,-73.980026245117188,40.765968322753906,-73.991203308105469,40.750350952148438,N,1151
id2075052,1,2016-04-09 09:09:03,2016-04-09 09:20:03,1,-73.954498291015625,40.766807556152344,-73.987785339355469,40.720878601074219,N,660
id3707411,1,2016-01-03 02:03:39,2016-01-03 02:17:02,1,-74.007728576660156,40.740608215332031,-73.983512878417969,40.737209320068359,N,803
id1608545,1,2016-04-14 08:31:03,2016-04-14 09:03:37,1,-74.006797790527344,40.731071472167969,-73.974960327148438,40.758468627929687,N,1954
id3517425,2,2016-01-16 20:34:06,2016-01-16 20:51:16,6,-73.980926513671875,40.755241394042969,-74.004554748535156,40.729652404785156,N,1030
id3942917,1,2016-04-29 14:18:39,2016-04-29 15:05:36,4,-73.862777709960937,40.769313812255859,-73.986129760742188,40.748580932617188,N,2817
id2000923,2,2016-03-29 06:07:38,2016-03-29 06:09:03,5,-73.987869262695312,40.765098571777344,-73.993606567382812,40.758949279785156,N,85
id3564028,1,2016-01-02 01:16:42,2016-01-02 01:19:56,1,-73.954132080078125,40.774784088134766,-73.947418212890625,40.779632568359375,N,194
id1233453,1,2016-02-05 17:28:07,2016-02-05 17:30:03,1,-73.972099304199219,40.782207489013672,-73.964515686035156,40.777549743652344,N,116
id1372674,2,2016-05-22 13:08:24,2016-05-22 13:21:50,1,-73.97821044921875,40.77716064453125,-73.957626342773438,40.774547576904297,N,806
id2806146,2,2016-05-28 21:31:24,2016-05-28 21:41:23,1,-73.983573913574219,40.738418579101563,-74.005485534667969,40.739559173583984,N,599
id1832737,2,2016-03-06 10:53:26,2016-03-06 10:59:30,1,-73.984710693359375,40.760181427001953,-73.979560852050781,40.752704620361328,N,364
id1489766,2,2016-05-31 19:53:33,2016-05-31 20:00:46,1,-73.989891052246094,40.747158050537109,-73.974945068359375,40.741744995117188,N,433
id3308765,2,2016-05-17 18:00:27,2016-05-17 18:10:25,4,-73.863471984863281,40.769817352294922,-73.871536254882813,40.763103485107422,N,598
id1935437,2,2016-04-24 09:09:20,2016-04-24 09:37:05,1,-73.975860595703125,40.757240295410156,-74.177597045898437,40.690948486328125,N,1665
id2059551,2,2016-04-01 09:28:05,2016-04-01 09:42:03,1,-73.956657409667969,40.780769348144531,-73.969642639160156,40.800102233886719,N,838
id2433939,1,2016-05-16 13:05:38,2016-05-16 13:33:57,3,-73.873008728027344,40.774120330810547,-73.97607421875,40.749912261962891,N,1699
id2677357,2,2016-02-15 16:36:19,2016-02-15 16:41:50,2,-73.971633911132813,40.781963348388672,-73.981689453125,40.778995513916016,N,331
id2336715,2,2016-01-01 00:09:03,2016-01-01 00:19:25,2,-73.984359741210937,40.748985290527344,-73.996284484863281,40.716056823730469,N,622
id3525276,1,2016-03-24 18:27:14,2016-03-24 18:32:57,1,-73.970970153808594,40.764125823974609,-73.9622802734375,40.776180267333984,N,343
id3729126,1,2016-01-04 14:20:21,2016-01-04 14:36:59,1,-73.866912841796875,40.771877288818359,-73.794692993164062,40.734790802001953,N,998
id1073968,1,2016-03-15 09:44:58,2016-03-15 10:07:43,1,-73.955215454101563,40.780246734619141,-73.861831665039063,40.768455505371094,N,1365
id0562336,2,2016-06-15 10:17:48,2016-06-15 10:27:40,2,-73.952743530273438,40.772258758544922,-73.977767944335937,40.739112854003906,N,592
id1163958,1,2016-03-18 07:48:10,2016-03-18 07:53:23,1,-73.972579956054688,40.748905181884766,-73.961563110351562,40.760517120361328,N,313
id1681877,1,2016-04-26 14:42:12,2016-04-26 14:57:02,1,-73.95526123046875,40.780242919921875,-73.969871520996094,40.789764404296875,N,890
id0945119,2,2016-05-02 18:29:38,2016-05-02 18:38:56,6,-74.002838134765625,40.760360717773438,-73.988410949707031,40.778980255126953,N,558
id2939783,1,2016-04-12 10:11:37,2016-04-12 10:34:46,1,-73.990066528320312,40.751934051513672,-73.989753723144531,40.723869323730469,N,1389
id2050990,2,2016-06-20 21:05:09,2016-06-20 21:47:45,1,-73.990081787109375,40.756736755371094,-73.955131530761719,40.677524566650391,N,2556
id3780362,2,2016-05-08 21:13:49,2016-05-08 21:16:04,2,-73.94952392578125,40.776611328125,-73.942672729492187,40.785968780517578,N,135
id2233338,2,2016-01-14 19:14:29,2016-01-14 19:23:22,2,-73.995140075683594,40.75,-73.993698120117187,40.735500335693359,N,533
id1445390,2,2016-01-19 08:00:19,2016-01-19 08:17:34,3,-73.960121154785156,40.781951904296875,-73.971969604492187,40.755039215087891,N,1035
id0345679,2,2016-03-22 20:24:06,2016-03-22 20:33:40,1,-73.997520446777344,40.721240997314453,-73.988006591796875,40.720821380615234,N,574
id0570525,1,2016-02-25 15:30:16,2016-02-25 15:35:20,1,-73.998374938964844,40.725925445556641,-73.990310668945313,40.731128692626953,N,304
id0872662,2,2016-02-13 08:10:01,2016-02-13 08:12:19,3,-73.978309631347656,40.737159729003906,-73.973213195800781,40.743949890136719,N,138
id3114338,2,2016-05-23 20:42:21,2016-05-23 20:51:40,1,-73.965110778808594,40.775089263916016,-73.952369689941406,40.766460418701172,N,559
id2718231,1,2016-03-08 02:44:19,2016-03-08 03:04:35,1,-73.992500305175781,40.740444183349609,-73.840110778808594,40.719516754150391,N,1216
id0618376,2,2016-01-11 06:21:39,2016-01-11 06:25:11,1,-74.006118774414063,40.717918395996094,-74.013504028320313,40.715682983398438,N,212
id1697059,1,2016-06-26 15:10:46,2016-06-26 15:23:54,1,-73.958106994628906,40.742168426513672,-73.931709289550781,40.76806640625,N,788
id1868620,2,2016-06-18 00:41:28,2016-06-18 01:10:34,1,-73.7818603515625,40.644683837890625,-73.961921691894531,40.767032623291016,N,1746
id0000569,1,2016-01-03 19:51:38,2016-01-03 19:53:41,3,-73.96197509765625,40.767734527587891,-73.958587646484375,40.77301025390625,N,123
id0952827,2,2016-03-25 00:22:07,2016-03-25 00:36:20,1,-73.998062133789063,40.674808502197266,-74.004440307617188,40.732650756835938,N,853
id0464363,2,2016-04-25 19:43:15,2016-04-25 19:47:43,1,-73.951087951660156,40.711063385009766,-73.938926696777344,40.707386016845703,N,268
id0608846,2,2016-05-25 13:45:57,2016-05-25 13:57:41,1,-73.9801025390625,40.753704071044922,-73.993316650390625,40.741611480712891,N,704
id3567125,1,2016-04-10 03:13:02,2016-04-10 03:57:40,1,-73.981559753417969,40.766326904296875,-73.911590576171875,40.763885498046875,N,2678
id3996183,1,2016-06-17 08:54:16,2016-06-17 09:06:11,1,-73.990310668945313,40.718864440917969,-73.99554443359375,40.736873626708984,N,715
id1474156,1,2016-06-25 07:30:13,2016-06-25 07:48:14,2,-73.970466613769531,40.799175262451172,-74.0172119140625,40.705192565917969,N,1081
id0695483,1,2016-02-06 16:02:38,2016-02-06 16:15:56,3,-74.002388000488281,40.749553680419922,-73.977783203125,40.754081726074219,N,798
id3609971,1,2016-06-14 09:20:45,2016-06-14 09:43:13,1,-73.99090576171875,40.756271362304688,-73.976814270019531,40.759689331054688,N,1348
id3956459,2,2016-03-05 10:23:45,2016-03-05 10:45:52,1,-73.986907958984375,40.761608123779297,-74.008407592773438,40.711620330810547,N,1327
id0088231,2,2016-06-08 23:02:21,2016-06-08 23:19:31,3,-74.008171081542969,40.745002746582031,-73.955093383789063,40.804836273193359,N,1030
id1957034,1,2016-02-02 18:28:23,2016-02-02 19:09:19,1,-73.994880676269531,40.750213623046875,-73.96221923828125,40.711620330810547,N,2456
id1838067,2,2016-04-01 12:46:46,2016-04-01 12:52:12,1,-73.963180541992188,40.77423095703125,-73.955551147460937,40.778690338134766,N,326
id3342568,1,2016-01-03 03:33:21,2016-01-03 04:09:20,1,-73.984848022460938,40.724334716796875,-73.884117126464844,40.716716766357422,N,2159
id3487442,2,2016-02-29 18:39:12,2016-02-29 18:42:59,1,-73.981819152832031,40.768962860107422,-73.981819152832031,40.768962860107422,N,227
id1401963,1,2016-06-18 06:53:43,2016-06-18 07:19:18,1,-73.976028442382813,40.776126861572266,-73.948387145996094,40.778156280517578,N,1535
id1597742,2,2016-04-11 19:50:42,2016-04-11 19:58:52,5,-73.983795166015625,40.750705718994141,-73.97735595703125,40.766120910644531,N,490
id3271420,2,2016-04-24 19:25:32,2016-04-24 19:32:10,4,-73.973464965820313,40.760879516601563,-73.966133117675781,40.761203765869141,N,398
id0850673,2,2016-02-20 13:06:23,2016-02-20 13:23:37,1,-73.981330871582031,40.747268676757813,-74.0054931640625,40.739021301269531,N,1034
id0171820,2,2016-05-25 06:40:04,2016-05-25 06:43:13,1,-74.004524230957031,40.724193572998047,-74.004493713378906,40.724666595458984,N,189
id0514543,2,2016-02-26 18:45:39,2016-02-26 19:04:18,1,-73.982536315917969,40.775661468505859,-73.969451904296875,40.802089691162109,N,1119
id1991106,1,2016-06-11 14:22:56,2016-06-11 14:31:03,1,-73.967788696289063,40.762699127197266,-73.981475830078125,40.742191314697266,N,487
id2142187,1,2016-05-19 20:47:17,2016-05-19 20:59:08,1,-73.987068176269531,40.756633758544922,-73.960304260253906,40.780773162841797,N,711
id0526379,1,2016-04-29 04:28:26,2016-04-29 04:39:20,1,-73.986099243164062,40.719486236572266,-73.945960998535156,40.711437225341797,N,654
id2548131,1,2016-05-31 23:12:37,2016-05-31 23:28:24,2,-74.007781982421875,40.740943908691406,-73.971176147460938,40.800800323486328,N,947
id2452855,2,2016-05-14 03:27:31,2016-05-14 03:51:36,1,-73.985069274902344,40.732204437255859,-73.910491943359375,40.696815490722656,N,1445
id0315726,2,2016-06-04 03:14:11,2016-06-04 03:35:27,1,-73.983436584472656,40.731681823730469,-73.948005676269531,40.714160919189453,N,1276
id2527828,2,2016-02-17 17:39:30,2016-02-17 18:08:38,1,-73.991157531738281,40.745780944824219,-73.983390808105469,40.771461486816406,N,1748
id1630336,1,2016-04-25 23:18:24,2016-04-25 23:30:54,1,-73.982040405273438,40.759677886962891,-73.947052001953125,40.773159027099609,N,750
id2353964,2,2016-04-30 07:44:24,2016-04-30 07:49:24,1,-73.961204528808594,40.76055908203125,-73.947135925292969,40.775932312011719,N,300
id2393811,1,2016-03-10 18:52:40,2016-03-10 19:08:43,1,-73.9705810546875,40.799045562744141,-73.989814758300781,40.767246246337891,N,963
id1774339,1,2016-04-11 17:41:07,2016-04-11 17:46:20,1,-73.949783325195313,40.780567169189453,-73.960067749023438,40.770408630371094,N,313
id1610798,2,2016-01-25 23:32:14,2016-01-25 23:42:35,1,-73.987434387207031,40.760139465332031,-73.990982055664063,40.744861602783203,N,621
id2452120,1,2016-04-18 18:27:14,2016-04-18 18:42:35,2,-73.974456787109375,40.756927490234375,-73.960906982421875,40.780143737792969,N,921
id2693088,2,2016-04-23 23:28:09,2016-04-23 23:43:01,2,-73.975418090820313,40.787075042724609,-73.942657470703125,40.823551177978516,N,892
id0828675,1,2016-06-23 07:16:24,2016-06-23 07:21:42,1,-73.994041442871094,40.751136779785156,-73.982635498046875,40.760688781738281,N,318
id1636593,2,2016-04-25 17:37:13,2016-04-25 18:23:12,1,-73.790153503417969,40.646614074707031,-73.981918334960938,40.756679534912109,N,2759
id0747713,2,2016-01-17 03:24:53,2016-01-17 03:27:29,1,-74.006690979003906,40.737640380859375,-74.003883361816406,40.738090515136719,N,156
id3655477,2,2016-03-24 13:35:17,2016-03-24 13:48:28,1,-73.988029479980469,40.737819671630859,-73.972068786621094,40.746078491210937,N,791
id0642318,2,2016-04-04 09:21:49,2016-04-04 09:37:51,1,-73.952522277832031,40.766269683837891,-73.983428955078125,40.734378814697266,N,962
id2390585,1,2016-02-24 11:45:41,2016-02-24 12:08:39,1,-73.863784790039063,40.769744873046875,-73.946258544921875,40.780414581298828,N,1378
id0369319,2,2016-02-08 18:24:38,2016-02-08 18:28:18,1,-73.986930847167969,40.750930786132813,-73.978309631347656,40.753261566162109,N,220
id0720321,1,2016-06-21 18:09:27,2016-06-21 18:16:55,1,-73.962638854980469,40.768226623535156,-73.953559875488281,40.772823333740234,N,448
id0860600,1,2016-01-06 15:23:44,2016-01-06 15:38:22,1,-74.0001220703125,40.717849731445313,-74.014579772949219,40.709674835205078,N,878
id1977372,2,2016-04-01 13:33:57,2016-04-01 14:00:47,1,-73.869682312011719,40.772548675537109,-73.913406372070312,40.680778503417969,N,1610
id2437858,2,2016-03-27 11:55:02,2016-03-27 12:05:06,5,-73.986831665039062,40.761829376220703,-73.977836608886719,40.792121887207031,N,604
id2165807,1,2016-04-08 20:19:55,2016-04-08 20:23:06,2,-74.003929138183594,40.725795745849609,-73.998878479003906,40.734764099121094,N,191
id1638921,1,2016-05-27 17:58:30,2016-05-27 18:16:23,1,-73.979713439941406,40.760562896728516,-73.993385314941406,40.736629486083984,N,1073
id0631726,2,2016-04-23 15:58:46,2016-04-23 16:03:24,1,-73.961517333984375,40.766021728515625,-73.949722290039062,40.781929016113281,N,278
id1947466,2,2016-04-21 12:32:31,2016-04-21 12:37:20,6,-73.981277465820313,40.780361175537109,-73.976150512695312,40.788600921630859,N,289
id1723822,1,2016-06-16 12:35:11,2016-06-16 12:45:43,3,-73.956062316894531,40.764152526855469,-73.943443298339844,40.791183471679687,N,632
id1144791,2,2016-01-06 13:39:04,2016-01-06 13:49:17,1,-73.991989135742187,40.743793487548828,-73.974700927734375,40.763401031494141,N,613
id1497423,1,2016-02-25 13:40:47,2016-02-25 13:54:12,1,-73.988723754882813,40.736976623535156,-73.98272705078125,40.750343322753906,N,805
id2917044,1,2016-04-02 15:35:02,2016-04-02 15:55:19,1,-74.017303466796875,40.705360412597656,-73.973930358886719,40.761566162109375,N,1217
id2538816,1,2016-02-13 17:59:03,2016-02-13 18:03:48,1,-74.003982543945313,40.748470306396484,-73.99505615234375,40.742942810058594,N,285
id2808378,1,2016-03-09 17:11:16,2016-03-09 17:28:43,1,-73.978645324707031,40.740932464599609,-74.0126953125,40.701587677001953,N,1047
id2015130,2,2016-05-21 03:13:55,2016-05-21 03:20:39,1,-73.884040832519531,40.747608184814453,-73.904617309570312,40.747699737548828,N,404
id1062725,1,2016-06-08 05:51:58,2016-06-08 05:57:54,1,-73.990364074707031,40.756240844726563,-73.972953796386719,40.757289886474609,N,356
id3792892,1,2016-05-01 02:40:38,2016-05-01 03:02:30,1,-73.986663818359375,40.721683502197266,-73.972572326660156,40.685878753662109,N,1312
id0924324,2,2016-05-10 18:07:52,2016-05-10 18:26:21,2,-73.959068298339844,40.775661468505859,-73.959068298339844,40.775661468505859,N,1109
id1295254,1,2016-03-06 11:01:27,2016-03-06 11:08:29,1,-73.975982666015625,40.757747650146484,-73.982162475585937,40.740749359130859,N,422
id0222570,2,2016-04-20 19:14:04,2016-04-20 19:29:30,1,-73.94769287109375,40.783298492431641,-73.961044311523438,40.75665283203125,N,926
id3680395,1,2016-05-19 18:57:18,2016-05-19 18:59:13,1,-73.954788208007812,40.777965545654297,-73.947769165039063,40.779579162597656,N,115
id0552144,2,2016-05-04 18:04:33,2016-05-04 18:38:33,1,-73.885231018066406,40.772941589355469,-73.946952819824219,40.775260925292969,N,2040
id2034899,2,2016-02-11 11:03:50,2016-02-11 11:09:29,1,-73.989982604980469,40.751598358154297,-73.994430541992188,40.741001129150391,N,339
id1283389,1,2016-04-06 00:52:41,2016-04-06 01:07:06,1,-74.004371643066406,40.742347717285156,-74.010726928710938,40.723617553710937,N,865
id2040373,2,2016-03-18 07:54:56,2016-03-18 08:02:42,3,-73.961082458496094,40.769119262695313,-73.956947326660156,40.783420562744141,N,466
id2124906,2,2016-05-03 08:28:38,2016-05-03 08:35:46,1,-73.980278015136719,40.770191192626953,-73.963783264160156,40.774131774902344,N,428
id1660823,2,2016-03-01 06:40:18,2016-03-01 07:01:37,5,-73.982139587402344,40.775325775146484,-74.009849548339844,40.721698760986328,N,1279
id0989891,1,2016-05-03 04:40:29,2016-05-03 04:51:45,2,-73.9893798828125,40.719825744628906,-73.98260498046875,40.757503509521484,N,676
id2679117,1,2016-02-03 07:57:23,2016-02-03 08:02:15,1,-73.91998291015625,40.743572235107422,-73.926773071289063,40.755275726318359,N,292
id2145001,2,2016-04-27 09:05:42,2016-04-27 09:12:17,1,-73.945297241210938,40.774349212646484,-73.955436706542969,40.778598785400391,N,395
id3427182,1,2016-06-03 11:40:39,2016-06-03 11:57:24,1,-73.971923828125,40.791904449462891,-73.96954345703125,40.765300750732422,N,1005
id2346299,2,2016-06-17 11:46:09,2016-06-17 11:57:54,1,-73.978660583496094,40.756301879882813,-73.988128662109375,40.737350463867188,N,705
id0105984,1,2016-06-26 11:17:25,2016-06-26 11:30:33,1,-73.98583984375,40.726902008056641,-74.014274597167969,40.704067230224609,N,788
id1587327,1,2016-03-29 21:19:24,2016-03-29 21:24:44,3,-74.007720947265625,40.743003845214844,-73.9893798828125,40.747844696044922,N,320
id2519393,1,2016-06-25 13:48:37,2016-06-25 13:58:03,1,-73.994583129882813,40.702999114990234,-74.004127502441406,40.712928771972656,N,566
id1009714,1,2016-06-20 22:40:07,2016-06-20 22:48:42,1,-73.979354858398438,40.756191253662109,-73.9791259765625,40.74298095703125,N,515
id1027675,2,2016-01-23 08:46:42,2016-01-23 09:06:39,1,-73.969535827636719,40.755218505859375,-73.976524353027344,40.747947692871094,N,1197
id0802391,1,2016-03-06 17:44:45,2016-03-06 17:52:14,1,-73.997207641601563,40.724071502685547,-74.000617980957031,40.732154846191406,N,449
id2597894,1,2016-05-14 14:02:45,2016-05-14 14:27:02,1,-73.990409851074219,40.718795776367187,-73.986907958984375,40.750888824462891,N,1457
id1949220,1,2016-04-02 04:24:27,2016-04-02 04:43:38,1,-73.987144470214844,40.729499816894531,-73.960708618164062,40.797470092773438,N,1151
id3389249,2,2016-05-04 11:02:00,2016-05-04 11:12:03,1,-73.962188720703125,40.759132385253906,-73.962631225585937,40.773174285888672,N,603
id3245042,2,2016-04-02 16:01:45,2016-04-02 16:13:49,1,-73.985496520996094,40.747451782226563,-73.979072570800781,40.728038787841797,N,724
id1285469,2,2016-02-23 09:19:37,2016-02-23 09:39:35,1,-74.0164794921875,40.715408325195313,-74.01275634765625,40.706611633300781,N,1198
id3482709,2,2016-03-21 11:22:48,2016-03-21 11:24:00,1,-73.955192565917969,40.779991149902344,-73.957801818847656,40.776508331298828,N,72
id0496379,1,2016-03-24 16:19:17,2016-03-24 16:32:59,1,-73.961166381835937,40.77783203125,-73.966041564941406,40.763866424560547,N,822
id1703171,2,2016-01-30 22:42:51,2016-01-30 23:23:44,5,-73.786216735839844,40.645286560058594,-73.993072509765625,40.729728698730469,N,2453
id2268459,1,2016-03-02 07:02:21,2016-03-02 07:24:57,1,-73.985359191894531,40.738410949707031,-73.87042236328125,40.773681640625,N,1356
id3013319,2,2016-02-15 22:28:54,2016-02-15 22:30:27,1,-73.981399536132812,40.778793334960938,-73.976524353027344,40.782497406005859,N,93
id1265097,2,2016-05-13 02:21:54,2016-05-13 02:24:29,1,-73.989021301269531,40.718910217285156,-73.996482849121094,40.721179962158203,N,155
id2954399,1,2016-06-27 11:22:37,2016-06-27 11:23:17,1,-74.001029968261719,40.75665283203125,-74.000999450683594,40.756626129150391,N,40
id3152963,1,2016-04-09 22:33:22,2016-04-09 22:41:03,2,-73.955116271972656,40.769001007080078,-73.971542358398438,40.785369873046875,N,461
id1904421,2,2016-06-11 17:48:40,2016-06-11 18:01:01,2,-73.983985900878906,40.737873077392578,-74.004669189453125,40.708389282226563,N,741
id3611647,1,2016-05-19 10:44:15,2016-05-19 11:02:27,1,-73.9957275390625,40.754081726074219,-73.983932495117188,40.746543884277344,N,1092
id0910982,1,2016-05-21 19:58:22,2016-05-21 20:10:11,1,-73.952377319335938,40.810768127441406,-73.976066589355469,40.781143188476563,N,709
id2640178,1,2016-02-15 16:12:24,2016-02-15 16:31:27,1,-73.9539794921875,40.763858795166016,-73.996437072753906,40.715511322021484,N,1143
id0030324,1,2016-01-09 06:26:46,2016-01-09 06:31:02,1,-73.939826965332031,40.699562072753906,-73.931999206542969,40.689132690429688,N,256
id3883723,2,2016-02-25 01:46:34,2016-02-25 01:57:34,2,-73.979087829589844,40.759498596191406,-73.979560852050781,40.724334716796875,N,660
id0674885,1,2016-06-30 07:37:35,2016-06-30 07:43:32,1,-73.965751647949219,40.759574890136719,-73.979118347167969,40.765102386474609,N,357
id3260324,2,2016-02-07 08:24:25,2016-02-07 08:38:21,1,-73.932807922363281,40.758930206298828,-73.983207702636719,40.767009735107422,N,836
id1561466,2,2016-04-29 20:21:28,2016-04-29 20:56:48,1,-73.965728759765625,40.768730163574219,-73.955879211425781,40.673080444335938,N,2120
id2106816,1,2016-06-30 10:53:59,2016-06-30 11:03:29,1,-73.980880737304688,40.784336090087891,-73.956672668457031,40.780616760253906,N,570
id2605569,1,2016-05-08 02:57:55,2016-05-08 03:02:48,2,-73.926284790039063,40.703285217285156,-73.938018798828125,40.700408935546875,N,293
id3293082,2,2016-02-06 19:50:51,2016-02-06 20:04:17,5,-73.976486206054688,40.754989624023437,-73.991157531738281,40.75128173828125,N,806
id0790613,1,2016-05-20 14:04:03,2016-05-20 14:33:41,1,-73.986305236816406,40.777023315429687,-73.985855102539063,40.776790618896484,N,1778
id0202431,1,2016-02-17 12:02:29,2016-02-17 12:18:44,1,-74.004135131835938,40.742809295654297,-73.98779296875,40.744865417480469,N,975
id2084457,2,2016-02-01 08:41:26,2016-02-01 08:49:10,3,-73.982536315917969,40.775081634521484,-73.971763610839844,40.784595489501953,N,464
id2595331,2,2016-04-29 12:18:42,2016-04-29 12:29:03,1,-73.954696655273437,40.773979187011719,-73.968452453613281,40.761508941650391,N,621
id3448735,1,2016-01-27 06:45:39,2016-01-27 06:51:12,1,-73.991500854492187,40.744892120361328,-73.9832763671875,40.760482788085937,N,333
id1431322,1,2016-02-21 13:21:37,2016-02-21 13:34:26,2,-74.00970458984375,40.739654541015625,-73.999595642089844,40.728836059570313,N,769
id0130751,1,2016-02-28 19:47:01,2016-02-28 20:29:35,1,-73.988197326660156,40.764289855957031,-73.872810363769531,40.774456024169922,N,2554
id1444884,2,2016-01-06 18:15:26,2016-01-06 18:31:18,1,-73.996566772460938,40.731975555419922,-73.979011535644531,40.749900817871094,N,952
id2797773,1,2016-03-08 08:33:35,2016-03-08 08:36:35,1,-73.967132568359375,40.793464660644531,-73.970390319824219,40.795749664306641,N,180
id0861216,2,2016-01-18 13:00:37,2016-01-18 13:10:57,1,-73.990249633789063,40.757286071777344,-73.963981628417969,40.756919860839844,N,620
id3833049,1,2016-06-22 09:47:49,2016-06-22 10:02:11,1,-73.994537353515625,40.766025543212891,-73.986381530761719,40.749061584472656,N,862
id1633648,1,2016-06-20 14:19:16,2016-06-20 14:34:34,1,-73.9779052734375,40.754871368408203,-73.952774047851562,40.768165588378906,Y,918
id3252664,2,2016-06-28 07:17:36,2016-06-28 07:22:36,1,-73.967514038085938,40.766155242919922,-73.960525512695312,40.771442413330078,N,300
id3755869,2,2016-04-24 16:48:08,2016-04-24 17:04:41,3,-73.95294189453125,40.810188293457031,-73.945510864257813,40.778118133544922,N,993
id2440671,2,2016-02-17 17:40:25,2016-02-17 18:13:13,1,-73.863655090332031,40.769622802734375,-73.913223266601562,40.872798919677734,N,1968
id1489555,1,2016-05-06 10:37:59,2016-05-06 11:13:12,2,-73.944358825683594,40.808307647705078,-74.012313842773438,40.703845977783203,N,2113
id0162579,2,2016-05-13 23:13:14,2016-05-13 23:19:50,1,-73.992202758789063,40.744968414306641,-73.981391906738281,40.746990203857422,N,396
id3402983,2,2016-06-30 15:48:06,2016-06-30 17:31:13,1,-73.781898498535156,40.644771575927734,-73.985893249511719,40.760158538818359,N,6187
id1713541,1,2016-05-23 00:09:18,2016-05-23 00:19:24,1,-73.96807861328125,40.759376525878906,-73.98486328125,40.768650054931641,N,606
id2732066,2,2016-04-27 11:52:23,2016-04-27 12:16:49,2,-74.004478454589844,40.722690582275391,-73.871070861816406,40.774250030517578,N,1466
id2445763,1,2016-02-20 23:45:51,2016-02-20 23:52:23,1,-73.983283996582031,40.77374267578125,-73.987380981445313,40.780372619628906,N,392
id3972131,2,2016-06-06 13:43:22,2016-06-06 13:47:08,3,-73.982872009277344,40.744987487792969,-73.989288330078125,40.744674682617188,N,226
id3779357,2,2016-02-22 19:02:08,2016-02-22 19:12:53,1,-73.966796875,40.767009735107422,-73.981788635253906,40.752288818359375,N,645
id0931190,1,2016-04-20 14:02:28,2016-04-20 14:24:23,1,-73.982749938964844,40.754154205322266,-74.015388488769531,40.711246490478516,N,1315
id1789034,1,2016-04-09 23:41:23,2016-04-09 23:51:42,1,-73.982559204101563,40.742351531982422,-73.992500305175781,40.725265502929688,N,619
id0746372,2,2016-01-22 18:20:31,2016-01-22 18:23:26,1,-73.954597473144531,40.769618988037109,-73.949592590332031,40.777069091796875,N,175
id2567660,2,2016-03-19 18:18:23,2016-03-19 18:33:29,1,-73.99554443359375,40.744010925292969,-73.983245849609375,40.763671875,N,906
id1787258,1,2016-05-07 18:40:51,2016-05-07 18:46:33,2,-73.954475402832031,40.783695220947266,-73.963516235351563,40.770065307617187,N,342
id0805117,2,2016-04-15 20:11:31,2016-04-15 20:22:44,3,-74.008659362792969,40.719608306884766,-73.998939514160156,40.727920532226563,N,673
id2828691,2,2016-06-19 00:23:50,2016-06-19 00:34:35,2,-74.001251220703125,40.736324310302734,-74.008697509765625,40.706966400146484,N,645
id2729614,2,2016-02-03 00:14:51,2016-02-03 00:39:35,1,-73.988388061523438,40.720024108886719,-73.992530822753906,40.659038543701172,N,1484
id1249988,2,2016-06-10 01:48:13,2016-06-10 02:09:28,1,-73.975540161132813,40.735630035400391,-73.962936401367188,40.712009429931641,N,1275
id2463869,2,2016-03-18 10:42:07,2016-03-18 10:51:56,1,-73.980384826660156,40.765644073486328,-73.991317749023437,40.774452209472656,N,589
id2904820,1,2016-03-20 22:51:45,2016-03-20 23:14:07,1,-73.782424926757813,40.644287109375,-73.856582641601563,40.725502014160156,N,1342
id0180594,2,2016-04-28 13:22:03,2016-04-28 13:30:50,1,-74.00067138671875,40.758258819580078,-73.994613647460938,40.750530242919922,N,527
id0749370,1,2016-02-02 18:40:44,2016-02-02 18:45:58,1,-73.961944580078125,40.764541625976562,-73.968452453613281,40.763080596923828,N,314
id2848070,2,2016-06-09 06:54:04,2016-06-09 07:02:27,3,-74.00103759765625,40.741519927978516,-73.980323791503906,40.760448455810547,N,503
id3817493,2,2016-03-14 14:57:56,2016-03-14 15:15:26,1,-73.952880859375,40.766468048095703,-73.978630065917969,40.761920928955078,N,1050
id3129802,1,2016-05-14 05:31:58,2016-05-14 05:52:31,1,-73.968124389648438,40.800437927246094,-73.865242004394531,40.770652770996094,N,1233
id3167292,2,2016-01-05 09:53:39,2016-01-05 09:57:03,1,-73.981178283691406,40.720901489257813,-73.977386474609375,40.726085662841797,N,204
id1924450,2,2016-02-27 19:09:23,2016-02-27 19:23:54,2,-74.005836486816406,40.745475769042969,-73.994026184082031,40.728401184082031,N,871
id1794468,2,2016-06-17 14:40:16,2016-06-17 14:44:24,1,-73.95941162109375,40.774227142333984,-73.953468322753906,40.779422760009766,N,248
id0204192,1,2016-02-25 02:35:07,2016-02-25 02:50:03,1,-73.870735168457031,40.773658752441406,-73.859916687011719,40.829090118408203,N,896
id3190007,2,2016-01-07 15:26:03,2016-01-07 15:38:17,1,-73.978271484375,40.745655059814453,-73.965255737304688,40.758293151855469,N,734
id3348726,1,2016-06-23 08:37:00,2016-06-23 08:40:41,1,-73.973716735839844,40.794696807861328,-73.974433898925781,40.789119720458984,N,221
id3469446,2,2016-02-14 10:40:55,2016-02-14 10:46:45,6,-74.01300048828125,40.702438354492188,-74.014289855957031,40.712501525878906,N,350
id1915949,2,2016-02-04 16:33:13,2016-02-04 16:54:12,1,-73.991813659667969,40.743778228759766,-73.971160888671875,40.792728424072266,N,1259
id2899891,1,2016-04-08 15:26:22,2016-04-08 15:38:13,1,-73.974197387695313,40.757495880126953,-73.9598388671875,40.775489807128906,N,711
id0942991,2,2016-02-03 07:32:19,2016-02-03 07:46:30,1,-73.947151184082031,40.776187896728516,-73.9730224609375,40.7554931640625,N,851
id2772912,1,2016-01-28 15:31:01,2016-01-28 16:14:50,1,-73.885223388671875,40.772727966308594,-73.980583190917969,40.781665802001953,N,2629
id2851756,2,2016-06-16 10:10:25,2016-06-16 10:19:36,1,-73.994117736816406,40.751083374023438,-73.972145080566406,40.763481140136719,N,551
id0851036,1,2016-04-06 01:26:07,2016-04-06 01:36:57,1,-74.004035949707031,40.741973876953125,-73.973953247070312,40.764312744140625,N,650
id0283106,1,2016-04-26 18:36:24,2016-04-26 18:59:00,1,-74.007965087890625,40.715099334716797,-73.9598388671875,40.770381927490234,N,1356
id1697231,2,2016-05-16 19:17:33,2016-05-16 19:27:27,2,-73.982284545898437,40.778812408447266,-73.961288452148438,40.798618316650391,N,594
id3385889,1,2016-02-12 09:44:22,2016-02-12 10:00:02,1,-73.972686767578125,40.755863189697266,-73.977333068847656,40.758674621582031,N,940
id3591274,1,2016-02-06 10:24:17,2016-02-06 10:26:56,1,-73.961883544921875,40.756290435791016,-73.968025207519531,40.755714416503906,N,159
id3269098,2,2016-01-21 15:29:37,2016-01-21 15:55:47,1,-73.992301940917969,40.750335693359375,-73.965408325195313,40.768886566162109,N,1570
id3159798,1,2016-02-01 22:20:51,2016-02-01 22:34:19,1,-73.954887390136719,40.773296356201172,-73.969085693359375,40.802776336669922,N,808
id0828941,2,2016-02-25 21:24:09,2016-02-25 21:47:26,2,-74.010162353515625,40.719921112060547,-73.974906921386719,40.756919860839844,N,1397
id0995542,2,2016-02-06 06:03:59,2016-02-06 06:11:45,1,-74.0074462890625,40.733512878417969,-74.003608703613281,40.756412506103516,N,466
id0661736,1,2016-05-18 13:54:45,2016-05-18 14:07:15,2,-73.975875854492187,40.760894775390625,-73.97186279296875,40.750152587890625,N,750
id1408423,1,2016-04-30 15:40:21,2016-04-30 16:17:36,1,-73.973464965820313,40.784553527832031,-73.917518615722656,40.773857116699219,N,2235
id2476509,2,2016-06-01 20:48:02,2016-06-01 21:08:21,1,-73.862846374511719,40.769065856933594,-73.967636108398438,40.756023406982422,N,1219
id1575277,2,2016-06-11 16:59:15,2016-06-11 17:33:27,1,-73.999229431152344,40.722881317138672,-73.982879638671875,40.778297424316406,N,2052
id0860703,1,2016-01-31 10:43:14,2016-01-31 10:56:37,1,-73.976036071777344,40.776172637939453,-73.959251403808594,40.759189605712891,N,803
id3211119,1,2016-01-02 22:54:49,2016-01-02 23:05:55,1,-73.977127075195313,40.755878448486328,-73.938545227050781,40.809852600097656,N,666
id2693863,1,2016-03-18 08:22:10,2016-03-18 09:47:19,1,-73.777183532714844,40.646499633789063,-73.985000610351563,40.760917663574219,N,5109
id2379416,2,2016-02-14 01:05:51,2016-02-14 01:21:22,1,-73.989997863769531,40.719760894775391,-73.946258544921875,40.772960662841797,N,931
id2452510,2,2016-02-21 19:20:51,2016-02-21 19:36:37,6,-73.987968444824219,40.728225708007813,-73.978492736816406,40.764766693115234,N,946
id0040164,2,2016-06-14 11:48:32,2016-06-14 11:54:45,1,-73.964492797851563,40.763950347900391,-73.968032836914062,40.765350341796875,N,373
id1145809,2,2016-05-16 23:15:13,2016-05-16 23:31:00,6,-73.808486938476562,40.687335968017578,-73.808486938476562,40.687335968017578,N,947
id3214066,1,2016-03-21 20:14:22,2016-03-21 20:24:23,1,-73.982307434082031,40.775039672851563,-73.9561767578125,40.763744354248047,N,601
id0651671,2,2016-02-05 14:56:07,2016-02-05 15:15:10,1,-73.952301025390625,40.783908843994141,-73.960853576660156,40.760818481445313,N,1143
id0707492,2,2016-04-12 11:42:20,2016-04-12 11:48:30,1,-73.954345703125,40.786922454833984,-73.95867919921875,40.778396606445313,N,370
id0599157,2,2016-02-24 20:21:50,2016-02-24 20:44:00,2,-73.995002746582031,40.739917755126953,-73.956298828125,40.747581481933594,N,1330
id1309604,2,2016-04-23 16:10:54,2016-04-23 16:19:19,1,-73.969642639160156,40.677883148193359,-73.991264343261719,40.677703857421875,N,505
id0183474,2,2016-02-14 20:58:15,2016-02-14 21:09:08,1,-73.956504821777344,40.771278381347656,-73.985603332519531,40.739891052246094,N,653
id1399824,1,2016-05-18 18:59:08,2016-05-18 19:19:51,1,-73.995002746582031,40.740024566650391,-73.987083435058594,40.761966705322266,N,1243
id0407071,1,2016-01-06 05:58:40,2016-01-06 06:28:17,3,-73.782234191894531,40.644573211669922,-73.808433532714844,40.736045837402344,N,1777
id0353238,2,2016-06-23 19:41:29,2016-06-23 19:55:08,5,-74.003372192382813,40.748828887939453,-73.963104248046875,40.775825500488281,N,819
id3974735,2,2016-06-08 00:45:53,2016-06-08 00:52:09,1,-73.991714477539062,40.764713287353516,-73.980049133300781,40.78363037109375,N,376
id3151105,2,2016-01-12 18:55:35,2016-01-12 19:05:27,2,-73.978507995605469,40.755001068115234,-73.987716674804688,40.752799987792969,N,592
id3009814,1,2016-01-28 12:28:23,2016-01-28 12:32:11,2,-73.953071594238281,40.78277587890625,-73.946334838867188,40.778820037841797,N,228
id3148002,2,2016-02-16 16:52:37,2016-02-16 17:06:34,1,-74.010078430175781,40.720951080322266,-73.977989196777344,40.734291076660156,N,837
id3453520,1,2016-04-13 19:14:15,2016-04-13 19:21:27,1,-73.953750610351563,40.785205841064453,-73.964187622070313,40.775558471679688,N,432
id3225079,1,2016-01-14 09:24:37,2016-01-14 10:00:01,1,-74.016639709472656,40.709857940673828,-73.785713195800781,40.712226867675781,N,2124
id3842035,1,2016-05-18 04:25:51,2016-05-18 04:43:40,1,-74.001426696777344,40.731006622314453,-73.9376220703125,40.698074340820313,N,1069
id2722135,2,2016-02-20 11:43:07,2016-02-20 11:46:12,6,-73.975189208984375,40.765071868896484,-73.970191955566406,40.766040802001953,N,185
id3684742,2,2016-05-24 13:21:48,2016-05-24 13:40:41,1,-73.97869873046875,40.755210876464844,-73.988227844238281,40.742729187011719,N,1133
id2026236,1,2016-05-14 17:50:33,2016-05-14 18:23:41,1,-74.003639221191406,40.713619232177734,-73.979331970214844,40.78363037109375,N,1988
id3924756,1,2016-02-22 21:34:01,2016-02-22 21:50:01,2,-74.004371643066406,40.742183685302734,-73.975479125976562,40.760425567626953,N,960
id1384906,2,2016-02-25 22:17:03,2016-02-25 22:33:00,1,-73.991615295410156,40.759761810302734,-73.974227905273438,40.743175506591797,N,957
id3588665,2,2016-02-14 14:37:23,2016-02-14 14:45:08,4,-73.990547180175781,40.745861053466797,-74.001571655273438,40.730991363525391,N,465
id2840400,1,2016-02-23 21:10:52,2016-02-23 21:19:56,1,-73.991157531738281,40.734081268310547,-74.004989624023438,40.729690551757813,N,544
id3355874,1,2016-02-04 11:24:26,2016-02-04 11:42:51,1,-73.984375,40.769687652587891,-73.954071044921875,40.764026641845703,N,1105
id0363564,2,2016-05-21 12:29:39,2016-05-21 12:37:08,2,-73.997749328613281,40.756649017333984,-73.993026733398437,40.747138977050781,N,449
id0883448,1,2016-04-22 20:10:58,2016-04-22 20:17:20,3,-74.000038146972656,40.73486328125,-74.007514953613281,40.733142852783203,N,382
id1322536,1,2016-05-06 08:40:20,2016-05-06 08:48:41,1,-73.984451293945313,40.724967956542969,-73.99853515625,40.7340087890625,N,501
id0559488,2,2016-03-30 08:52:07,2016-03-30 09:00:46,6,-73.9931640625,40.757694244384766,-73.989089965820313,40.769435882568359,N,519
id3226823,2,2016-03-28 08:02:53,2016-03-28 08:14:28,3,-73.98284912109375,40.74462890625,-73.984947204589844,40.759330749511719,N,695
id3791668,2,2016-01-06 17:25:15,2016-01-06 17:27:49,5,-73.962677001953125,40.775661468505859,-73.959442138671875,40.780288696289063,N,154
id3170402,2,2016-03-20 07:50:36,2016-03-20 07:58:50,1,-73.959922790527344,40.758510589599609,-73.991790771484375,40.744121551513672,N,494
id3815007,1,2016-05-20 22:05:08,2016-05-20 22:12:18,1,-73.969215393066406,40.754093170166016,-73.973655700683594,40.737838745117188,N,430
id3443107,2,2016-02-12 15:26:58,2016-02-12 15:31:58,5,-73.96795654296875,40.768741607666016,-73.962959289550781,40.77825927734375,N,300
id3942614,2,2016-06-22 04:26:04,2016-06-22 04:30:22,1,-73.985549926757813,40.747165679931641,-73.988059997558594,40.759574890136719,N,258
id1459852,2,2016-05-18 08:22:01,2016-05-18 08:38:37,1,-73.984382629394531,40.770126342773438,-73.97027587890625,40.757720947265625,N,996
id1382741,1,2016-05-11 20:29:36,2016-05-11 20:35:21,1,-74.008842468261719,40.713661193847656,-74.00042724609375,40.723617553710937,N,345
id0531053,1,2016-02-02 09:32:44,2016-02-02 09:48:24,1,-73.991363525390625,40.749931335449219,-73.972824096679688,40.758663177490234,N,940
id0580213,2,2016-03-24 06:57:51,2016-03-24 07:09:29,1,-73.994911193847656,40.725448608398438,-73.964271545410156,40.712741851806641,N,698
id3656168,1,2016-03-28 07:41:16,2016-03-28 07:49:27,1,-73.999168395996094,40.749610900878906,-73.986091613769531,40.772613525390625,N,491
id1971518,1,2016-03-12 13:04:28,2016-03-12 13:14:33,1,-73.988975524902344,40.759204864501953,-73.973991394042969,40.760589599609375,N,605
id3911487,1,2016-03-03 17:56:45,2016-03-03 18:05:28,1,-73.962112426757813,40.776100158691406,-73.968521118164062,40.764408111572266,N,523
id3748596,1,2016-02-28 13:18:07,2016-02-28 13:30:21,2,-73.969245910644531,40.766899108886719,-73.942718505859375,40.799812316894531,N,734
id1485244,1,2016-02-24 23:04:32,2016-02-24 23:15:33,1,-73.999481201171875,40.7232666015625,-74.007286071777344,40.738151550292969,N,661
id0002063,2,2016-04-02 20:48:33,2016-04-02 20:56:49,1,-73.994773864746094,40.754970550537109,-73.996467590332031,40.745277404785156,N,496
id0920470,2,2016-04-12 14:41:00,2016-04-12 14:46:10,1,-73.968978881835938,40.757850646972656,-73.973480224609375,40.762500762939453,N,310
id0487874,2,2016-01-19 10:11:03,2016-01-19 10:56:21,1,-74.007148742675781,40.713031768798828,-73.983428955078125,40.766273498535156,N,2718
id1530336,2,2016-03-24 07:36:21,2016-03-24 07:50:14,1,-73.980697631835938,40.729946136474609,-74.00946044921875,40.715183258056641,N,833
id3466354,1,2016-01-17 11:49:40,2016-01-17 11:56:46,1,-73.978797912597656,40.766731262207031,-73.961669921875,40.757801055908203,N,426
id1545867,2,2016-03-17 19:27:42,2016-03-17 19:34:07,1,-73.991287231445313,40.723709106445313,-73.987892150878906,40.734451293945313,N,385
id1196772,2,2016-06-28 12:08:13,2016-06-28 12:18:01,1,-73.982490539550781,40.762569427490234,-73.998626708984375,40.760608673095703,N,588
id3276198,2,2016-03-14 20:31:12,2016-03-14 20:36:18,1,-73.981910705566406,40.766880035400391,-73.982597351074219,40.777179718017578,N,306
id0739131,1,2016-04-19 21:37:21,2016-04-19 21:55:37,1,-73.97515869140625,40.759181976318359,-74.005264282226563,40.707370758056641,N,1096
id1527676,1,2016-03-07 19:38:25,2016-03-07 19:54:35,2,-73.986129760742188,40.759719848632812,-74.001487731933594,40.736064910888672,N,970
id1146853,2,2016-03-05 02:59:30,2016-03-05 03:20:50,4,-74.005393981933594,40.740810394287109,-73.950630187988281,40.821037292480469,N,1280
id1891863,1,2016-04-11 14:42:15,2016-04-11 15:17:52,1,-73.99237060546875,40.737514495849609,-73.870841979980469,40.774078369140625,N,2137
id0238963,2,2016-01-11 12:42:36,2016-01-11 13:09:38,1,-73.980018615722656,40.786018371582031,-73.976333618164062,40.759067535400391,N,1622
id0865346,1,2016-04-03 15:10:27,2016-04-03 15:44:53,1,-73.987190246582031,40.750743865966797,-73.805458068847656,40.682220458984375,N,2066
id1641073,2,2016-05-28 18:55:51,2016-05-28 19:09:53,1,-73.990737915039062,40.766227722167969,-73.994834899902344,40.750083923339844,N,842
id0674512,1,2016-04-11 21:58:24,2016-04-11 22:16:33,1,-73.965408325195313,40.795379638671875,-74.0125732421875,40.701553344726563,N,1089
id1709044,2,2016-03-19 11:23:42,2016-03-19 11:31:21,1,-73.985191345214844,40.729091644287109,-73.980964660644531,40.741783142089844,N,459
id1637128,2,2016-02-13 09:22:20,2016-02-13 09:25:31,1,-73.955535888671875,40.779693603515625,-73.95355224609375,40.787971496582031,N,191
id2166004,2,2016-01-08 22:03:18,2016-01-08 22:16:33,3,-74.009712219238281,40.720390319824219,-73.984931945800781,40.691978454589844,N,795
id3714906,1,2016-03-01 08:33:57,2016-03-01 08:40:44,1,-73.989494323730469,40.753677368164063,-73.988334655761719,40.745948791503906,N,407
id1002278,1,2016-04-10 01:17:32,2016-04-10 01:35:11,1,-73.944038391113281,40.711578369140625,-73.838386535644531,40.703369140625,N,1059
id2248491,2,2016-04-10 14:43:06,2016-04-10 14:49:16,5,-73.990516662597656,40.730579376220703,-74.001739501953125,40.735210418701172,N,370
id3813882,1,2016-04-23 04:12:01,2016-04-23 04:17:36,2,-74.006309509277344,40.744682312011719,-73.991683959960937,40.765033721923828,N,335
id0290690,2,2016-05-27 18:58:47,2016-05-27 19:02:25,1,-73.98175048828125,40.768569946289063,-73.984817504882812,40.764419555664063,N,218
id0872691,1,2016-04-01 17:08:28,2016-04-01 17:17:26,1,-73.98797607421875,40.7615966796875,-73.973739624023438,40.779636383056641,N,538
id3812360,2,2016-05-31 20:42:16,2016-05-31 20:51:07,1,-73.99725341796875,40.725509643554688,-73.993942260742188,40.732540130615234,N,531
id2111520,2,2016-02-03 20:15:47,2016-02-03 20:21:21,2,-73.988731384277344,40.74884033203125,-73.982963562011719,40.760120391845703,N,334
id2378477,2,2016-02-19 18:23:11,2016-02-19 18:32:44,1,-73.971527099609375,40.795398712158203,-73.954879760742187,40.820209503173828,N,573
id2653245,2,2016-05-20 01:33:30,2016-05-20 01:46:44,2,-73.992202758789063,40.721332550048828,-73.95440673828125,40.685863494873047,N,794
id3908396,2,2016-06-28 13:54:08,2016-06-28 14:01:33,2,-73.96112060546875,40.771968841552734,-73.96575927734375,40.765430450439453,N,445
id3105640,1,2016-01-24 20:35:19,2016-01-24 21:00:56,1,-73.977981567382812,40.684780120849609,-73.954132080078125,40.613346099853516,N,1537
id1737882,2,2016-04-25 19:20:14,2016-04-25 19:34:17,1,-73.958969116210938,40.768009185791016,-73.982490539550781,40.766059875488281,N,843
id0998101,2,2016-03-30 20:29:32,2016-03-30 20:32:26,6,-73.980926513671875,40.779697418212891,-73.975021362304688,40.784332275390625,N,174
id0102349,2,2016-05-16 20:29:21,2016-05-16 20:45:03,2,-73.9705810546875,40.758731842041016,-73.998672485351563,40.749828338623047,N,942
id3355382,1,2016-03-25 05:56:03,2016-03-25 06:06:07,1,-73.878822326660156,40.740196228027344,-73.935478210449219,40.743068695068359,N,604
id3381901,1,2016-04-04 14:33:12,2016-04-04 15:06:58,1,-74.006294250488281,40.749904632568359,-73.967002868652344,40.761013031005859,N,2026
id0214120,2,2016-05-11 13:03:29,2016-05-11 13:14:24,1,-73.976112365722656,40.776149749755859,-73.979316711425781,40.765338897705078,N,655
id1506453,1,2016-06-16 10:23:25,2016-06-16 11:10:36,1,-73.990821838378906,40.755752563476562,-73.997528076171875,40.722434997558594,N,2831
id3259541,2,2016-06-25 16:09:59,2016-06-25 16:34:17,1,-73.985382080078125,40.750251770019531,-74.010597229003906,40.709819793701172,N,1458
id2194188,2,2016-06-10 22:16:14,2016-06-10 22:26:26,1,-73.986122131347656,40.726428985595703,-73.999420166015625,40.720249176025391,N,612
id2042535,1,2016-02-12 12:36:38,2016-02-12 12:47:07,1,-73.978981018066406,40.756519317626953,-73.992164611816406,40.749202728271484,Y,629